{
  "project_info": {
    "project_number": "85918424834",
    "project_id": "tutoriel-3-a2ac2",
    "storage_bucket": "tutoriel-3-a2ac2.firebasestorage.app"
  },
  "client": [
    {
      "client_info": {
        "mobilesdk_app_id": "1:85918424834:android:1727685371ca9e7449ec1b",
        "android_client_info": {
          "package_name": "come.exemple.app"
        }
      },
      "oauth_client": [],
      "api_key": [
        {
          "current_key": "AIzaSyDE2IR2Pne5WEk1ZwwzxKGtPTWaR9gYRW8"
        }
      ],
      "services": {
        "appinvite_service": {
          "other_platform_oauth_client": []
        }
      }
    }
  ],
  "configuration_version": "1"
}